CL,CD,CM,AMG_Cycles,CFL_Number
0.5256578413653689,0.01655550681206929,-0.01973277543894883,1.0,200.0
