CL,CD,CM,AMG_Cycles,CFL_Number
0.5256578413653687,0.016555506812069277,-0.01973277543894882,1.0,200.0
